Product_ID,Name,Price
1,Product_1,93.31
2,Product_2,838.32
3,Product_3,383.59
4,Product_4,890.68
5,Product_5,442.31
6,Product_6,441.83
7,Product_7,32.09
8,Product_8,528.44
9,Product_9,901.03
10,Product_10,95.05
11,Product_11,101.55
12,Product_12,810.93
13,Product_13,141.02
14,Product_14,684.27
15,Product_15,100.83
16,Product_16,543.69
17,Product_17,495.6
18,Product_18,279.74
19,Product_19,325.08
20,Product_20,575.69
21,Product_21,456.12
22,Product_22,390.31
23,Product_23,102.3
24,Product_24,83.69
25,Product_25,50.99
26,Product_26,558.19
27,Product_27,706.49
28,Product_28,457.58
29,Product_29,951.88
30,Product_30,576.74
31,Product_31,647.43
32,Product_32,74.08
33,Product_33,734.75
34,Product_34,906.67
35,Product_35,99.06
36,Product_36,902.36
37,Product_37,675.98
38,Product_38,606.9
39,Product_39,358.4
40,Product_40,319.76
41,Product_41,322.93
42,Product_42,772.51
43,Product_43,444.73
44,Product_44,198.3
45,Product_45,352.47
46,Product_46,859.21
47,Product_47,256.24
48,Product_48,284.08
49,Product_49,165.56
50,Product_50,42.62
51,Product_51,185.59
52,Product_52,981.89
53,Product_53,569.41
54,Product_54,595.31
55,Product_55,385.52
56,Product_56,53.1
57,Product_57,289.56
58,Product_58,948.5
59,Product_59,55.77
60,Product_60,398.37
61,Product_61,847.35
62,Product_62,208.47
63,Product_63,648.83
64,Product_64,261.94
65,Product_65,771.31
66,Product_66,117.14
67,Product_67,709.86
68,Product_68,279.05
69,Product_69,761.03
70,Product_70,730.51
71,Product_71,960.4
72,Product_72,829.53
73,Product_73,462.5
74,Product_74,654.18
75,Product_75,304.56
76,Product_76,139.37
77,Product_77,506.83
78,Product_78,278.54
79,Product_79,83.0
80,Product_80,879.08
81,Product_81,957.92
82,Product_82,262.39
83,Product_83,722.95
84,Product_84,198.2
85,Product_85,429.68
86,Product_86,308.55
87,Product_87,856.7
88,Product_88,368.89
89,Product_89,355.88
90,Product_90,369.44
91,Product_91,325.46
92,Product_92,826.75
93,Product_93,276.21
94,Product_94,310.34
95,Product_95,389.57
96,Product_96,670.2
97,Product_97,885.85
98,Product_98,121.75
99,Product_99,423.46
100,Product_100,525.92
101,Product_101,423.97
102,Product_102,92.62
103,Product_103,516.28
104,Product_104,462.31
105,Product_105,634.39
106,Product_106,301.84
107,Product_107,675.73
108,Product_108,338.49
109,Product_109,783.25
110,Product_110,845.93
111,Product_111,649.99
112,Product_112,979.07
113,Product_113,830.61
114,Product_114,975.44
115,Product_115,880.84
116,Product_116,207.03
117,Product_117,274.92
118,Product_118,459.2
119,Product_119,200.13
120,Product_120,119.85
121,Product_121,146.15
122,Product_122,917.81
123,Product_123,493.78
124,Product_124,333.17
125,Product_125,672.1
126,Product_126,741.85
127,Product_127,593.03
128,Product_128,27.02
129,Product_129,32.75
130,Product_130,955.42
131,Product_131,821.54
132,Product_132,855.55
133,Product_133,732.01
134,Product_134,510.13
135,Product_135,712.2
136,Product_136,238.52
137,Product_137,718.54
138,Product_138,965.9
139,Product_139,804.32
140,Product_140,282.36
141,Product_141,767.18
142,Product_142,281.17
143,Product_143,634.25
144,Product_144,329.81
145,Product_145,457.51
146,Product_146,888.52
147,Product_147,131.56
148,Product_148,921.59
149,Product_149,608.58
150,Product_150,108.09
151,Product_151,581.41
152,Product_152,854.76
153,Product_153,347.29
154,Product_154,188.07
155,Product_155,724.25
156,Product_156,305.26
157,Product_157,368.04
158,Product_158,73.18
159,Product_159,87.64
160,Product_160,471.38
161,Product_161,688.83
162,Product_162,578.17
163,Product_163,333.35
164,Product_164,711.03
165,Product_165,262.54
166,Product_166,960.81
167,Product_167,209.27
168,Product_168,437.4
169,Product_169,692.19
170,Product_170,320.62
171,Product_171,622.47
172,Product_172,208.63
173,Product_173,172.85
174,Product_174,340.14
175,Product_175,32.21
176,Product_176,128.92
177,Product_177,871.41
178,Product_178,927.95
179,Product_179,54.5
180,Product_180,641.51
181,Product_181,686.3
182,Product_182,153.48
183,Product_183,661.68
184,Product_184,488.72
185,Product_185,832.83
186,Product_186,275.79
187,Product_187,773.33
188,Product_188,442.8
189,Product_189,56.95
190,Product_190,121.76
191,Product_191,680.3
192,Product_192,907.47
193,Product_193,717.7
194,Product_194,113.94
195,Product_195,741.63
196,Product_196,65.46
197,Product_197,155.91
198,Product_198,653.13
199,Product_199,198.39
200,Product_200,66.39
